"Country","Time","new_cases_noisy","new_deaths","new_cases","milPop","new_cases_per_million_noisy","new_cases_per_million","new_deaths_per_million","new_cases_per_million_smoothed_noisy","new_cases_per_million_smoothed","new_deaths_per_million_smoothed","C1_Schools","C2_Workplace","C4_Gatherings","C5_PublicTransport","C6_StayatHome","C7_InternalMovements","C8_InternationalTravel","H6_Mask","stringency_index"
"DNK",2020-02-26,0,0,0,5.806081,0,0,0,0,0,0,"No measures","No measures","No restrictions","No measures","No measures","No measures","No measures","No policy",0
"SWE",2020-02-26,0,0,0,10.230185,0,0,0,0,0,0,"No measures","No measures","No restrictions","No measures","No measures","No measures","No measures","No policy",5.56
"DNK",2020-02-27,1,0,1,5.806081,0.172233215485626,0.172233215485626,0,0,0,0,"No measures","No measures","No restrictions","No measures","No measures","No measures","No measures","No policy",11.11
"SWE",2020-02-27,1,0,1,10.230185,0.0977499429384708,0.0977499429384708,0,0,0,0,"No measures","No measures","No restrictions","No measures","No measures","No measures","No measures","No policy",5.56
"DNK",2020-02-28,0,0,0,5.806081,0,0,0,0,0,0,"No measures","No measures","No restrictions","No measures","No measures","No measures","No measures","No policy",11.11
"SWE",2020-02-28,1,0,1,10.230185,0.0977499429384708,0.0977499429384708,0,0,0,0,"No measures","No measures","No restrictions","No measures","No measures","No measures","No measures","No policy",5.56
"DNK",2020-02-29,1,0,1,5.806081,0.172233215485626,0.172233215485626,0,0,0,0,"No measures","No measures","No restrictions","No measures","No measures","No measures","No measures","No policy",11.11
"SWE",2020-02-29,8,0,8,10.230185,0.781999543507766,0.781999543507766,0,0,0,0,"No measures","No measures","No restrictions","No measures","No measures","No measures","No measures","No policy",5.56
"DNK",2020-03-01,1,0,1,5.806081,0.172233215485626,0.172233215485626,0,0,0,0,"No measures","No measures","No restrictions","No measures","No measures","No measures","No measures","No policy",11.11
"SWE",2020-03-01,3,0,3,10.230185,0.293249828815412,0.293249828815412,0,0,0,0,"No measures","No measures","No restrictions","No measures","No measures","No measures","No measures","No policy",5.56
"DNK",2020-03-02,1,0,1,5.806081,0.172233215485626,0.172233215485626,0,0,0,0,"No measures","No measures","No restrictions","No measures","No measures","No measures","No measures","No policy",11.11
"SWE",2020-03-02,0,0,0,10.230185,0,0,0,0,0,0,"No measures","No measures","No restrictions","No measures","No measures","No measures","Ban on high-risk regions","No policy",13.89
"DNK",2020-03-03,1,0,1,5.806081,0.172233215485626,0.172233215485626,0,0.123023725346876,0.123023725346876,0,"No measures","No measures","No restrictions","No measures","Recommended movement restrictions","No measures","Quarantine from high-risk regions","No policy",20.37
"SWE",2020-03-03,5,0,5,10.230185,0.488749714692354,0.488749714692354,0,0.251356996127496,0.251356996127496,0,"No measures","No measures","No restrictions","No measures","No measures","No measures","Ban on high-risk regions","No policy",13.89
"DNK",2020-03-04,3,0,3,5.806081,0.516699646456879,0.516699646456879,0,0.196837960555001,0.196837960555001,0,"No measures","No measures","No restrictions","No measures","Recommended movement restrictions","No measures","Quarantine from high-risk regions","No policy",20.37
"SWE",2020-03-04,13,0,13,10.230185,1.27074925820012,1.27074925820012,0,0.432892604441799,0.432892604441799,0,"No measures","No measures","No restrictions","No measures","No measures","No measures","Ban on high-risk regions","No policy",19.44
"DNK",2020-03-05,2,0,2,5.806081,0.344466430971252,0.344466430971252,0,0.221442705624377,0.221442705624377,0,"No measures","No measures","No restrictions","No measures","Recommended movement restrictions","No measures","Quarantine from high-risk regions","No policy",20.37
"SWE",2020-03-05,30,0,30,10.230185,2.93249828815412,2.93249828815412,0,0.837856653758321,0.837856653758321,0,"No measures","No measures","No restrictions","No measures","No measures","No measures","Ban on high-risk regions","No policy",19.44
"DNK",2020-03-06,10,0,10,5.806081,1.72233215485626,1.72233215485626,0,0.467490156318128,0.467490156318128,0,"No measures","No measures","No restrictions","No measures","Recommended movement restrictions","No measures","Quarantine from high-risk regions","No policy",25.93
"SWE",2020-03-06,25,0,25,10.230185,2.44374857346177,2.44374857346177,0,1.17299931526165,1.17299931526165,0,"No measures","No measures","No restrictions","No measures","No measures","No measures","Ban on high-risk regions","No policy",19.44
"DNK",2020-03-07,3,0,3,5.806081,0.516699646456879,0.516699646456879,0,0.516699646456879,0.516699646456879,0,"No measures","No measures","No restrictions","No measures","Recommended movement restrictions","No measures","Quarantine from high-risk regions","No policy",25.93
"SWE",2020-03-07,59,0,59,10.230185,5.76724663336978,5.76724663336978,0,1.88517747095622,1.88517747095622,0,"No measures","No measures","No restrictions","No measures","No measures","No measures","Ban on high-risk regions","No policy",19.44
"DNK",2020-03-08,8,0,8,5.806081,1.37786572388501,1.37786572388501,0,0.688932861942505,0.688932861942505,0,"No measures","No measures","No restrictions","No measures","Recommended movement restrictions","No measures","Quarantine from high-risk regions","No policy",25.93
"SWE",2020-03-08,33,0,33,10.230185,3.22574811696954,3.22574811696954,0,2.30410579783538,2.30410579783538,0,"No measures","No measures","No restrictions","No measures","No measures","No measures","Ban on high-risk regions","No policy",19.44
"DNK",2020-03-09,7,0,7,5.806081,1.20563250839938,1.20563250839938,0,0.836561332358756,0.836561332358756,0,"No measures","No measures","No restrictions","No measures","Recommended movement restrictions","No measures","Quarantine from high-risk regions","No policy",25.93
"SWE",2020-03-09,46,0,46,10.230185,4.49649737516966,4.49649737516966,0,2.94646256571676,2.94646256571676,0,"No measures","No measures","No restrictions","No measures","No measures","No measures","Ban on high-risk regions","No policy",19.44
"DNK",2020-03-10,75,0,75,5.806081,12.917491161422,12.917491161422,0,2.65731246749252,2.65731246749252,0,"No measures","No measures","No restrictions","Recommended closing (or reduce volume)","Recommended movement restrictions","No measures","Quarantine from high-risk regions","No policy",31.48
"SWE",2020-03-10,101,0,101,10.230185,9.87274423678555,9.87274423678555,0,4.28703321173008,4.28703321173008,0,"No measures","No measures","No restrictions","No measures","No measures","No measures","Ban on high-risk regions","No policy",19.44
"DNK",2020-03-11,151,0,88,5.806081,26.0072155383296,15.1565229627351,0,6.29881473776004,4.74871579838941,0,"No measures","Recommended","No restrictions","Recommended closing (or reduce volume)","Recommended movement restrictions","No measures","Ban on high-risk regions","No policy",37.96
"SWE",2020-03-11,98,0,98,10.230185,9.57949440797014,9.57949440797014,0,5.47399680455436,5.47399680455436,0,"No measures","No measures","No restrictions","No measures","No measures","No measures","Ban on high-risk regions","No policy",19.44
"DNK",2020-03-12,252,0,102,5.806081,43.4027703023778,17.5677879795339,0,12.4500010051038,7.20919030532693,0,"No measures","Recommended","No restrictions","Recommended closing (or reduce volume)","Recommended movement restrictions","No measures","Ban on high-risk regions","No policy",37.96
"SWE",2020-03-12,196,20,196,10.230185,19.1589888159403,19.1589888159403,1.95499885876942,7.79206687995239,7.79206687995239,0.279285551252774,"No measures","No measures","100-1000 people","No measures","No measures","No measures","Ban on high-risk regions","No policy",30.56
"DNK",2020-03-13,160,0,115,5.806081,27.5573144777002,19.806819780847,0,16.1407127655101,9.79268853761132,0,"Required (to all levels)","Recommended","100-10 people","Recommended closing (or reduce volume)","Recommended movement restrictions","Recommended movement restrictions","Ban on high-risk regions","No policy",62.96
"SWE",2020-03-13,151,0,151,10.230185,14.7602413837091,14.7602413837091,0,9.55156585284486,9.55156585284486,0.279285551252774,"No measures","No measures","100-1000 people","No measures","No measures","No measures","Ban on high-risk regions","No policy",30.56
"DNK",2020-03-14,128,0,128,5.806081,22.0458515821602,22.0458515821602,0,19.216305899182,12.8682816712832,0,"Required (to all levels)","Recommended","100-10 people","Recommended closing (or reduce volume)","Recommended movement restrictions","Recommended movement restrictions","Total border closure","No policy",65.74
"SWE",2020-03-14,152,1,152,10.230185,14.8579913266476,14.8579913266476,0.0977499429384708,10.8502436661703,10.8502436661703,0.293249828815412,"No measures","No measures","100-1000 people","No measures","No measures","No measures","Ban on high-risk regions","No policy",30.56
"DNK",2020-03-15,23,0,23,5.806081,3.9613639561694,3.9613639561694,0,19.5853770752226,13.2373528473238,0,"Required (to all levels)","Recommended","100-10 people","Recommended closing (or reduce volume)","Recommended movement restrictions","Recommended movement restrictions","Total border closure","No policy",65.74
"SWE",2020-03-15,71,1,71,10.230185,6.94024594863143,6.94024594863143,0.0977499429384708,11.3808862135505,11.3808862135505,0.307214106378051,"No measures","No measures","100-1000 people","No measures","No measures","No measures","Ban on high-risk regions","No policy",30.56
"DNK",2020-03-16,48,1,48,5.806081,8.26719434331006,8.26719434331006,0.172233215485626,20.594171623067,14.2461473951682,0.0246047450693752,"Required (to all levels)","Recommended","100-10 people","Recommended closing (or reduce volume)","Recommended movement restrictions","Recommended movement restrictions","Total border closure","No policy",65.74
"SWE",2020-03-16,69,2,69,10.230185,6.74474606275449,6.74474606275449,0.195499885876942,11.7020645974912,11.7020645974912,0.335142661503328,"No measures","Recommended","100-1000 people","No measures","No measures","No measures","Ban on high-risk regions","No policy",34.26
"DNK",2020-03-17,57,0,57,5.806081,9.81729328268069,9.81729328268069,0,20.1512862118183,13.8032619839195,0.0246047450693752,"Required (to all levels)","Recommended","100-10 people","Recommended closing (or reduce volume)","Recommended movement restrictions","Recommended movement restrictions","Total border closure","No policy",65.74
"SWE",2020-03-17,83,2,83,10.230185,8.11324526389308,8.11324526389308,0.195499885876942,11.4507076013637,11.4507076013637,0.363071216628606,"Required (only at some levels)","Recommended","100-1000 people","No measures","No measures","No measures","Ban on high-risk regions","No policy",41.67
"DNK",2020-03-18,92,3,92,5.806081,15.8454558246776,15.8454558246776,0.516699646456879,18.6996062527251,13.901680964197,0.0984189802775007,"Required (to all levels)","Required (only at some levels)","< 10 people","Recommended closing (or reduce volume)","Recommended movement restrictions","Recommended movement restrictions","Total border closure","No policy",72.22
"SWE",2020-03-18,119,1,119,10.230185,11.632243209678,11.632243209678,0.0977499429384708,11.7439574301791,11.7439574301791,0.377035494191245,"Required (only at some levels)","Recommended","100-1000 people","No measures","No measures","No measures","Ban on high-risk regions","No policy",41.67
"DNK",2020-03-19,91,0,91,5.806081,15.673222609192,15.673222609192,0,14.7382422965557,13.6310287684338,0.0984189802775007,"Required (to all levels)","Required (only at some levels)","< 10 people","Recommended closing (or reduce volume)","Recommended movement restrictions","Recommended movement restrictions","Total border closure","No policy",72.22
"SWE",2020-03-19,145,6,145,10.230185,14.1737417260783,14.1737417260783,0.586499657630825,11.0317792744846,11.0317792744846,0.181535608314303,"Required (only at some levels)","Recommended","100-1000 people","No measures","No measures","Recommended movement restrictions","Ban on high-risk regions","No policy",47.22
"DNK",2020-03-20,36,2,36,5.806081,6.20039575748254,6.20039575748254,0.344466430971252,11.6872539079532,11.6872539079532,0.147628470416251,"Required (to all levels)","Required (only at some levels)","< 10 people","Recommended closing (or reduce volume)","Recommended movement restrictions","Recommended movement restrictions","Total border closure","No policy",72.22
"SWE",2020-03-20,143,7,143,10.230185,13.9782418402013,13.9782418402013,0.684249600569296,10.9200650539835,10.9200650539835,0.279285551252774,"Required (only at some levels)","Recommended","100-1000 people","No measures","No measures","Recommended movement restrictions","Ban on high-risk regions","No policy",47.22
"DNK",2020-03-21,104,3,104,5.806081,17.9122544105051,17.9122544105051,0.516699646456879,11.0967400262882,11.0967400262882,0.221442705624377,"Required (to all levels)","Required (only at some levels)","< 10 people","Recommended closing (or reduce volume)","Recommended movement restrictions","Recommended movement restrictions","Total border closure","No policy",72.22
"SWE",2020-03-21,180,9,180,10.230185,17.5949897289247,17.5949897289247,0.879749486446237,11.3110648257373,11.3110648257373,0.390999771753883,"Required (only at some levels)","Recommended","100-1000 people","No measures","No measures","Recommended movement restrictions","Ban on high-risk regions","No policy",47.22
"DNK",2020-03-22,71,4,71,5.806081,12.2285582994795,12.2285582994795,0.688932861942505,12.2777677896182,12.2777677896182,0.319861685901877,"Required (to all levels)","Required (only at some levels)","< 10 people","Recommended closing (or reduce volume)","Recommended movement restrictions","Recommended movement restrictions","Total border closure","No policy",72.22
"SWE",2020-03-22,136,8,136,10.230185,13.293992239632,13.293992239632,0.781999543507766,12.2187428673088,12.2187428673088,0.488749714692354,"Required (only at some levels)","Recommended","100-1000 people","No measures","No measures","Recommended movement restrictions","Ban on high-risk regions","No policy",47.22
"DNK",2020-03-23,69,0,69,5.806081,11.8840918685082,11.8840918685082,0,12.7944674360751,12.7944674360751,0.295256940832502,"Required (to all levels)","Required (only at some levels)","< 10 people","Recommended closing (or reduce volume)","Recommended movement restrictions","Recommended movement restrictions","Total border closure","No policy",72.22
"SWE",2020-03-23,118,11,118,10.230185,11.5344932667396,11.5344932667396,1.07524937232318,12.9029924678781,12.9029924678781,0.614428212756102,"Required (only at some levels)","Recommended","100-1000 people","No measures","No measures","Recommended movement restrictions","Ban on high-risk regions","No policy",47.22
"DNK",2020-03-24,65,11,65,5.806081,11.1951590065657,11.1951590065657,1.89456537034189,12.9913053966301,12.9913053966301,0.565909136595629,"Required (to all levels)","Required (only at some levels)","< 10 people","Recommended closing (or reduce volume)","Recommended movement restrictions","Recommended movement restrictions","Total border closure","No policy",72.22
"SWE",2020-03-24,182,11,182,10.230185,17.7904896148017,17.7904896148017,1.07524937232318,14.2854559465794,14.2854559465794,0.74010671081985,"Required (only at some levels)","Recommended","100-1000 people","No measures","No measures","Recommended movement restrictions","Ban on high-risk regions","No policy",47.22
"DNK",2020-03-25,131,8,131,5.806081,22.562551228617,22.562551228617,1.37786572388501,13.9508904543357,13.9508904543357,0.688932861942505,"Required (to all levels)","Required (only at some levels)","< 10 people","Recommended closing (or reduce volume)","Recommended movement restrictions","Recommended movement restrictions","Total border closure","No policy",72.22
"SWE",2020-03-25,230,21,230,10.230185,22.4824868758483,22.4824868758483,2.05274880170789,15.8354907560323,15.8354907560323,1.01939226207262,"Required (only at some levels)","Recommended","100-1000 people","No measures","Recommended movement restrictions","Recommended movement restrictions","Ban on high-risk regions","No policy",50.93
"DNK",2020-03-26,133,2,133,5.806081,22.9070176595883,22.9070176595883,0.344466430971252,14.9842897472495,14.9842897472495,0.738142352081255,"Required (to all levels)","Required (only at some levels)","< 10 people","Recommended closing (or reduce volume)","Recommended movement restrictions","Recommended movement restrictions","Total border closure","No policy",72.22
"SWE",2020-03-26,314,22,314,10.230185,30.6934820826798,30.6934820826798,2.15049874464636,18.1954536641182,18.1954536641182,1.24282070307484,"Required (only at some levels)","Recommended","100-1000 people","No measures","Recommended movement restrictions","Recommended movement restrictions","Ban on high-risk regions","No policy",50.93
"DNK",2020-03-27,153,7,153,5.806081,26.3516819693008,26.3516819693008,1.20563250839938,17.8630449203664,17.8630449203664,0.861166077428131,"Required (to all levels)","Required (only at some levels)","< 10 people","Recommended closing (or reduce volume)","Recommended movement restrictions","Recommended movement restrictions","Total border closure","No policy",72.22
"SWE",2020-03-27,286,31,286,10.230185,27.9564836804026,27.9564836804026,3.0302482310926,20.1923453555755,20.1923453555755,1.57796336457817,"Required (only at some levels)","Recommended","100-1000 people","No measures","Recommended movement restrictions","Recommended movement restrictions","Ban on high-risk regions","No policy",50.93
"DNK",2020-03-28,169,11,169,5.806081,29.1074134170708,29.1074134170708,1.89456537034189,19.4623533498758,19.4623533498758,1.05800403798313,"Required (to all levels)","Required (only at some levels)","< 10 people","Recommended closing (or reduce volume)","Recommended movement restrictions","Recommended movement restrictions","Total border closure","No policy",72.22
"SWE",2020-03-28,365,32,365,10.230185,35.6787291725418,35.6787291725418,3.12799817403107,22.7757367046637,22.7757367046637,1.89914174851886,"Required (only at some levels)","Recommended","100-1000 people","No measures","Recommended movement restrictions","Recommended movement restrictions","Ban on high-risk regions","No policy",50.93
"DNK",2020-03-29,155,13,155,5.806081,26.6961484002721,26.6961484002721,2.23903180131314,21.5291519357033,21.5291519357033,1.27944674360751,"Required (to all levels)","Required (only at some levels)","< 10 people","Recommended closing (or reduce volume)","Recommended movement restrictions","Recommended movement restrictions","Total border closure","No policy",72.22
"SWE",2020-03-29,300,35,300,10.230185,29.3249828815412,29.3249828815412,3.42124800284648,25.0658782249364,25.0658782249364,2.27617724271011,"Required (only at some levels)","Recommended","100-10 people","No measures","Recommended movement restrictions","Recommended movement restrictions","Ban on high-risk regions","No policy",59.26
"DNK",2020-03-30,194,7,194,5.806081,33.4132438042115,33.4132438042115,1.20563250839938,24.6047450693752,24.6047450693752,1.45167995909313,"Required (to all levels)","Required (only at some levels)","< 10 people","Recommended closing (or reduce volume)","Recommended movement restrictions","Recommended movement restrictions","Total border closure","No policy",72.22
"SWE",2020-03-30,280,38,280,10.230185,27.3699840227718,27.3699840227718,3.71449783166189,27.3280911900839,27.3280911900839,2.65321273690135,"Required (only at some levels)","Recommended","100-10 people","No measures","Recommended movement restrictions","Recommended movement restrictions","Ban on high-risk regions","No policy",59.26
"DNK",2020-03-31,182,5,182,5.806081,31.346445218384,31.346445218384,0.861166077428131,27.4835002424921,27.4835002424921,1.30405148867688,"Required (to all levels)","Required (only at some levels)","< 10 people","Recommended closing (or reduce volume)","Recommended movement restrictions","Recommended movement restrictions","Total border closure","No policy",72.22
"SWE",2020-03-31,416,45,416,10.230185,40.6639762624039,40.6639762624039,4.39874743223119,30.5957321397414,30.5957321397414,3.12799817403107,"Required (only at some levels)","Recommended","100-10 people","No measures","Recommended movement restrictions","Recommended movement restrictions","Ban on high-risk regions","No policy",59.26
"DNK",2020-04-01,283,13,283,5.806081,48.7419999824322,48.7419999824322,2.23903180131314,31.2234214930371,31.2234214930371,1.42707521402376,"Required (to all levels)","Required (only at some levels)","< 10 people","Recommended closing (or reduce volume)","Recommended movement restrictions","Recommended movement restrictions","Total border closure","No policy",72.22
"SWE",2020-04-01,475,48,475,10.230185,46.4312228957736,46.4312228957736,4.6919972610466,34.0169801425878,34.0169801425878,3.50503366822231,"Required (only at some levels)","Recommended","100-10 people","Recommended closing (or reduce volume)","Recommended movement restrictions","Recommended movement restrictions","Ban on high-risk regions","No policy",64.81
"DNK",2020-04-02,247,14,247,5.806081,42.5416042249497,42.5416042249497,2.41126501679877,34.0283624309459,34.0283624309459,1.72233215485626,"Required (to all levels)","Required (only at some levels)","< 10 people","Recommended closing (or reduce volume)","Recommended movement restrictions","Recommended movement restrictions","Total border closure","No policy",72.22
"SWE",2020-04-02,486,53,486,10.230185,47.5064722680968,47.5064722680968,5.18074697573895,36.4188358833617,36.4188358833617,3.93792627266411,"Required (only at some levels)","Recommended","100-10 people","Recommended closing (or reduce volume)","Recommended movement restrictions","Recommended movement restrictions","Ban on high-risk regions","No policy",64.81
"DNK",2020-04-03,279,19,279,5.806081,48.0530671204897,48.0530671204897,3.2724310942269,37.1285603096871,37.1285603096871,2.01758909568876,"Required (to all levels)","Required (only at some levels)","< 10 people","Recommended closing (or reduce volume)","Recommended movement restrictions","Recommended movement restrictions","Total border closure","No policy",72.22
"SWE",2020-04-03,554,70,554,10.230185,54.1534683879128,54.1534683879128,6.84249600569296,40.1612622701489,40.1612622701489,4.48253309760702,"Required (only at some levels)","Recommended","100-10 people","Recommended closing (or reduce volume)","Recommended movement restrictions","Recommended movement restrictions","Ban on high-risk regions","No policy",64.81
"DNK",2020-04-04,371,16,371,5.806081,63.8985229451673,63.8985229451673,2.75573144777002,42.0987188137009,42.0987188137009,2.14061282103564,"Required (to all levels)","Required (only at some levels)","< 10 people","Recommended closing (or reduce volume)","Recommended movement restrictions","Recommended movement restrictions","Total border closure","No policy",72.22
"SWE",2020-04-04,601,80,601,10.230185,58.747715706021,58.747715706021,7.81999543507766,43.4568317749316,43.4568317749316,5.15281842061368,"Required (only at some levels)","Recommended","100-10 people","Recommended closing (or reduce volume)","Recommended movement restrictions","Recommended movement restrictions","Ban on high-risk regions","No policy",64.81
"DNK",2020-04-05,320,22,320,5.806081,55.1146289554004,55.1146289554004,3.78913074068378,46.1585017501478,46.1585017501478,2.36205552666002,"Required (to all levels)","Required (only at some levels)","< 10 people","Recommended closing (or reduce volume)","Recommended movement restrictions","Recommended movement restrictions","Total border closure","No policy",72.22
"SWE",2020-04-05,357,70,357,10.230185,34.8967296290341,34.8967296290341,6.84249600569296,44.252795596002,44.252795596002,5.64156813530603,"Required (only at some levels)","Recommended","100-10 people","Recommended closing (or reduce volume)","Recommended movement restrictions","Recommended movement restrictions","Ban on high-risk regions","No policy",64.81
"DNK",2020-04-06,292,18,292,5.806081,50.2920989218028,50.2920989218028,3.10019787874127,48.5697667669466,48.5697667669466,2.63270772242314,"Required (to all levels)","Required (only at some levels)","< 10 people","Recommended closing (or reduce volume)","Recommended movement restrictions","Recommended movement restrictions","Total border closure","No policy",72.22
"SWE",2020-04-06,340,85,340,10.230185,33.2349805990801,33.2349805990801,8.30874514977002,45.0906522497603,45.0906522497603,6.29788918075005,"Required (only at some levels)","Recommended","100-10 people","Recommended closing (or reduce volume)","Recommended movement restrictions","Recommended movement restrictions","Ban on high-risk regions","No policy",64.81
"DNK",2020-04-07,312,8,312,5.806081,53.7367632315154,53.7367632315154,1.37786572388501,51.7683836259654,51.7683836259654,2.70652195763127,"Required (to all levels)","Required (only at some levels)","< 10 people","Recommended closing (or reduce volume)","Recommended movement restrictions","Recommended movement restrictions","Total border closure","No policy",72.22
"SWE",2020-04-07,389,90,389,10.230185,38.0247278030651,38.0247278030651,8.79749486446237,44.7136167555691,44.7136167555691,6.92628167106879,"Required (only at some levels)","Recommended","100-10 people","Recommended closing (or reduce volume)","Recommended movement restrictions","Recommended movement restrictions","Ban on high-risk regions","No policy",64.81
"DNK",2020-04-08,390,16,390,5.806081,67.1709540393942,67.1709540393942,2.75573144777002,54.4010913483885,54.4010913483885,2.78033619283939,"Required (to all levels)","Required (only at some levels)","< 10 people","Recommended closing (or reduce volume)","Recommended movement restrictions","Recommended movement restrictions","Total border closure","No policy",72.22
"SWE",2020-04-08,738,84,738,10.230185,72.1394578885915,72.1394578885915,8.21099520683155,48.386221754543,48.386221754543,7.42899566332378,"Required (only at some levels)","Recommended","100-10 people","Recommended closing (or reduce volume)","Recommended movement restrictions","Recommended movement restrictions","Ban on high-risk regions","No policy",64.81
"DNK",2020-04-09,331,15,331,5.806081,57.0091943257423,57.0091943257423,2.58349823228439,56.467889934216,56.467889934216,2.80494093790877,"Required (to all levels)","Required (only at some levels)","< 10 people","Recommended closing (or reduce volume)","Recommended movement restrictions","Recommended movement restrictions","Total border closure","No policy",72.22
"SWE",2020-04-09,654,115,654,10.230185,63.9284626817599,63.9284626817599,11.2412434379241,50.7322203850663,50.7322203850663,8.29478087220738,"Required (only at some levels)","Recommended","100-10 people","Recommended closing (or reduce volume)","Recommended movement restrictions","Recommended movement restrictions","Ban on high-risk regions","No policy",64.81
"DNK",2020-04-10,233,19,233,5.806081,40.1303392081509,40.1303392081509,3.2724310942269,55.3360716610248,55.3360716610248,2.80494093790877,"Required (to all levels)","Required (only at some levels)","< 10 people","Recommended closing (or reduce volume)","Recommended movement restrictions","Recommended movement restrictions","Total border closure","No policy",72.22
"SWE",2020-04-10,645,86,645,10.230185,63.0487131953137,63.0487131953137,8.40649509270849,52.0029696432665,52.0029696432665,8.5182093132096,"Required (only at some levels)","Recommended","100-10 people","Recommended closing (or reduce volume)","Recommended movement restrictions","Recommended movement restrictions","Ban on high-risk regions","No policy",64.81
"DNK",2020-04-11,184,10,184,5.806081,31.6909116493552,31.6909116493552,1.72233215485626,50.7349843330516,50.7349843330516,2.65731246749252,"Required (to all levels)","Required (only at some levels)","< 10 people","Recommended closing (or reduce volume)","Recommended movement restrictions","Recommended movement restrictions","Total border closure","No policy",72.22
"SWE",2020-04-11,454,90,454,10.230185,44.3784740940657,44.3784740940657,8.79749486446237,49.9502208415586,49.9502208415586,8.65785208883599,"Required (only at some levels)","Recommended","100-10 people","Recommended closing (or reduce volume)","Recommended movement restrictions","Recommended movement restrictions","Ban on high-risk regions","No policy",64.81
"DNK",2020-04-12,177,13,177,5.806081,30.4852791409558,30.4852791409558,2.23903180131314,47.216505788131,47.216505788131,2.43586976186814,"Required (to all levels)","Required (only at some levels)","< 10 people","Recommended closing (or reduce volume)","Recommended movement restrictions","Recommended movement restrictions","Total border closure","No policy",72.22
"SWE",2020-04-12,395,102,395,10.230185,38.611227460696,38.611227460696,9.97049417972402,50.4808633889389,50.4808633889389,9.10470897084042,"Required (only at some levels)","Recommended","100-10 people","Recommended closing (or reduce volume)","Recommended movement restrictions","Recommended movement restrictions","Ban on high-risk regions","No policy",64.81
"DNK",2020-04-13,178,13,178,5.806081,30.6575123564415,30.6575123564415,2.23903180131314,44.4115648502222,44.4115648502222,2.31284603652127,"Required (to all levels)","Required (only at some levels)","< 10 people","Recommended closing (or reduce volume)","Recommended movement restrictions","Recommended movement restrictions","Total border closure","No policy",72.22
"SWE",2020-04-13,464,97,464,10.230185,45.3559735234505,45.3559735234505,9.48174446503167,52.212433806706,52.212433806706,9.27228030159209,"Required (only at some levels)","Recommended","100-10 people","Recommended closing (or reduce volume)","Recommended movement restrictions","Recommended movement restrictions","Ban on high-risk regions","No policy",64.81
"DNK",2020-04-14,144,12,144,5.806081,24.8015830299302,24.8015830299302,2.06679858582751,40.2779676785672,40.2779676785672,2.41126501679877,"Required (to all levels)","Required (only at some levels)","< 10 people","Recommended closing (or reduce volume)","Recommended movement restrictions","Recommended movement restrictions","Total border closure","No policy",72.22
"SWE",2020-04-14,437,84,437,10.230185,42.7167250641117,42.7167250641117,8.21099520683155,52.8827191297127,52.8827191297127,9.18849463621626,"Required (only at some levels)","Recommended","100-10 people","Recommended closing (or reduce volume)","Recommended movement restrictions","Recommended movement restrictions","Ban on high-risk regions","No policy",64.81
"DNK",2020-04-15,193,14,193,5.806081,33.2410105887259,33.2410105887259,2.41126501679877,35.4308328999002,35.4308328999002,2.36205552666002,"Required (only at some levels)","Required (only at some levels)","< 10 people","Recommended closing (or reduce volume)","Recommended movement restrictions","Recommended movement restrictions","Total border closure","No policy",68.52
"SWE",2020-04-15,479,92,479,10.230185,46.8222226675275,46.8222226675275,8.99299475033931,49.2659712409893,49.2659712409893,9.30020885671737,"Required (only at some levels)","Recommended","100-10 people","Recommended closing (or reduce volume)","Recommended movement restrictions","Recommended movement restrictions","Ban on high-risk regions","No policy",64.81
"DNK",2020-04-16,170,10,170,5.806081,29.2796466325565,29.2796466325565,1.72233215485626,31.4694689437308,31.4694689437308,2.23903180131314,"Required (only at some levels)","Required (only at some levels)","< 10 people","Recommended closing (or reduce volume)","Recommended movement restrictions","Recommended movement restrictions","Total border closure","No policy",68.52
"SWE",2020-04-16,604,115,604,10.230185,59.0409655348364,59.0409655348364,11.2412434379241,48.5677573628573,48.5677573628573,9.30020885671737,"Required (only at some levels)","Recommended","100-10 people","Recommended closing (or reduce volume)","Recommended movement restrictions","Recommended movement restrictions","Ban on high-risk regions","No policy",64.81
"DNK",2020-04-17,198,12,198,5.806081,34.102176666154,34.102176666154,2.06679858582751,30.6083028663027,30.6083028663027,2.06679858582751,"Required (only at some levels)","Required (only at some levels)","< 10 people","Recommended closing (or reduce volume)","Recommended movement restrictions","Recommended movement restrictions","Total border closure","No policy",68.52
"SWE",2020-04-17,623,111,623,10.230185,60.8982144506673,60.8982144506673,10.8502436661703,48.2605432564793,48.2605432564793,9.64931579578333,"Required (only at some levels)","Recommended","100-10 people","Recommended closing (or reduce volume)","Recommended movement restrictions","Recommended movement restrictions","Ban on high-risk regions","No policy",64.81
"DNK",2020-04-18,194,15,194,5.806081,33.4132438042115,33.4132438042115,2.58349823228439,30.8543503169965,30.8543503169965,2.18982231117439,"Required (only at some levels)","Required (only at some levels)","< 10 people","Recommended closing (or reduce volume)","Recommended movement restrictions","Recommended movement restrictions","Total border closure","No policy",68.52
"SWE",2020-04-18,688,83,688,10.230185,67.2519607416679,67.2519607416679,8.11324526389308,51.5281842061367,51.5281842061367,9.55156585284486,"Required (only at some levels)","Recommended","100-10 people","Recommended closing (or reduce volume)","Recommended movement restrictions","Recommended movement restrictions","Ban on high-risk regions","No policy",64.81
"DNK",2020-04-19,169,10,169,5.806081,29.1074134170708,29.1074134170708,1.72233215485626,30.6575123564415,30.6575123564415,2.11600807596626,"Required (only at some levels)","Required (only at some levels)","< 10 people","Recommended closing (or reduce volume)","Recommended movement restrictions","Recommended movement restrictions","Total border closure","No policy",68.52
"SWE",2020-04-19,532,86,532,10.230185,52.0029696432665,52.0029696432665,8.40649509270849,53.4412902322183,53.4412902322183,9.32813741184264,"Required (only at some levels)","Recommended","100-10 people","Recommended closing (or reduce volume)","Recommended movement restrictions","Recommended movement restrictions","Ban on high-risk regions","No policy",64.81
"DNK",2020-04-20,142,9,142,5.806081,24.4571165989589,24.4571165989589,1.55009893937064,29.771741533944,29.771741533944,2.01758909568876,"Required (only at some levels)","Required (only at some levels)","< 10 people","Recommended closing (or reduce volume)","Recommended movement restrictions","Recommended movement restrictions","Total border closure","No policy",68.52
"SWE",2020-04-20,388,87,388,10.230185,37.9269778601267,37.9269778601267,8.50424503564696,52.3800051374577,52.3800051374577,9.18849463621626,"Required (only at some levels)","Recommended","100-10 people","Recommended closing (or reduce volume)","Recommended movement restrictions","Recommended movement restrictions","Ban on high-risk regions","No policy",64.81
"DNK",2020-04-21,131,9,131,5.806081,22.562551228617,22.562551228617,1.55009893937064,29.4518798480421,29.4518798480421,1.94377486048064,"Required (only at some levels)","Required (only at some levels)","< 10 people","Recommended closing (or reduce volume)","Recommended movement restrictions","Recommended movement restrictions","Total border closure","No policy",68.52
"SWE",2020-04-21,461,85,461,10.230185,45.062723694635,45.062723694635,8.30874514977002,52.715147798961,52.715147798961,9.20245891377889,"Required (only at some levels)","Recommended","100-10 people","Recommended closing (or reduce volume)","Recommended movement restrictions","Recommended movement restrictions","Ban on high-risk regions","No policy",64.81
"DNK",2020-04-22,180,6,180,5.806081,31.0019787874127,31.0019787874127,1.03339929291376,29.1320181621402,29.1320181621402,1.74693689992564,"Required (only at some levels)","Required (only at some levels)","< 10 people","Recommended closing (or reduce volume)","Recommended movement restrictions","Recommended movement restrictions","Total border closure","No policy",68.52
"SWE",2020-04-22,707,62,707,10.230185,69.1092096574989,69.1092096574989,6.06049646218519,55.8990030832427,55.8990030832427,8.78353058689973,"Required (only at some levels)","Recommended","100-10 people","Recommended closing (or reduce volume)","Recommended movement restrictions","Recommended movement restrictions","Ban on high-risk regions","No policy",64.81
"DNK",2020-04-23,217,14,217,5.806081,37.3746077603809,37.3746077603809,2.41126501679877,30.2884411804008,30.2884411804008,1.84535588020314,"Required (only at some levels)","Required (only at some levels)","< 10 people","Recommended closing (or reduce volume)","Recommended movement restrictions","Recommended movement restrictions","Total border closure","No policy",68.52
"SWE",2020-04-23,722,77,722,10.230185,70.5754588015759,70.5754588015759,7.52674560626225,57.546787835634,57.546787835634,8.25288803951946,"Required (only at some levels)","Recommended","100-10 people","Recommended closing (or reduce volume)","Recommended movement restrictions","Recommended movement restrictions","Ban on high-risk regions","No policy",64.81
"DNK",2020-04-24,161,10,161,5.806081,27.7295476931858,27.7295476931858,1.72233215485626,29.378065612834,29.378065612834,1.79614639006439,"Required (only at some levels)","Required (only at some levels)","< 10 people","Recommended closing (or reduce volume)","Recommended movement restrictions","Recommended movement restrictions","Total border closure","No policy",68.52
"SWE",2020-04-24,758,86,758,10.230185,74.0944567473609,74.0944567473609,8.40649509270849,59.4319653065903,59.4319653065903,7.9037811004535,"Required (only at some levels)","Recommended","100-10 people","Recommended closing (or reduce volume)","Recommended movement restrictions","Recommended movement restrictions","Ban on high-risk regions","No policy",64.81
"DNK",2020-04-25,137,9,137,5.806081,23.5959505215308,23.5959505215308,1.55009893937064,27.9755951438796,27.9755951438796,1.64851791964814,"Required (only at some levels)","Required (only at some levels)","< 10 people","Recommended closing (or reduce volume)","Recommended movement restrictions","Recommended movement restrictions","Total border closure","No policy",68.52
"SWE",2020-04-25,780,89,780,10.230185,76.2449554920072,76.2449554920072,8.6997449215239,60.716678842353,60.716678842353,7.98756676582933,"Required (only at some levels)","Recommended","100-10 people","Recommended closing (or reduce volume)","Recommended movement restrictions","Recommended movement restrictions","Ban on high-risk regions","No policy",64.81
"DNK",2020-04-26,235,15,235,5.806081,40.4748056391222,40.4748056391222,2.58349823228439,29.5995083184583,29.5995083184583,1.77154164499501,"Required (only at some levels)","Required (only at some levels)","< 10 people","Recommended closing (or reduce volume)","Recommended movement restrictions","Recommended movement restrictions","Total border closure","No policy",68.52
"SWE",2020-04-26,473,73,473,10.230185,46.2357230098967,46.2357230098967,7.13574583450837,59.8927864661573,59.8927864661573,7.80603115751502,"Required (only at some levels)","Recommended","100-10 people","Recommended closing (or reduce volume)","Recommended movement restrictions","Recommended movement restrictions","Ban on high-risk regions","No policy",64.81
"DNK",2020-04-27,130,4,130,5.806081,22.3903180131314,22.3903180131314,0.688932861942505,29.3042513776258,29.3042513776258,1.64851791964814,"Required (only at some levels)","Required (only at some levels)","< 10 people","Recommended closing (or reduce volume)","Recommended movement restrictions","Recommended movement restrictions","Total border closure","No policy",68.52
"SWE",2020-04-27,300,74,300,10.230185,29.3249828815412,29.3249828815412,7.23349577744684,58.6639300406451,58.6639300406451,7.62449554920072,"Required (only at some levels)","Recommended","100-10 people","Recommended closing (or reduce volume)","Recommended movement restrictions","Recommended movement restrictions","Ban on high-risk regions","No policy",64.81
"DNK",2020-04-28,123,5,123,5.806081,21.184685504732,21.184685504732,0.861166077428131,29.1074134170708,29.1074134170708,1.55009893937064,"Required (only at some levels)","Required (only at some levels)","< 10 people","Recommended closing (or reduce volume)","Recommended movement restrictions","Recommended movement restrictions","Total border closure","No policy",68.52
"SWE",2020-04-28,563,74,563,10.230185,55.0332178743591,55.0332178743591,7.23349577744684,60.0882863520343,60.0882863520343,7.4708884960117,"Required (only at some levels)","Recommended","100-10 people","Recommended closing (or reduce volume)","Recommended movement restrictions","Recommended movement restrictions","Ban on high-risk regions","No policy",64.81
"DNK",2020-04-29,153,7,153,5.806081,26.3516819693008,26.3516819693008,1.20563250839938,28.4430853001977,28.4430853001977,1.57470368444001,"Required (only at some levels)","Required (only at some levels)","< 10 people","Recommended closing (or reduce volume)","Recommended movement restrictions","Recommended movement restrictions","Total border closure","No policy",68.52
"SWE",2020-04-29,742,83,742,10.230185,72.5304576603453,72.5304576603453,8.11324526389308,60.5770360667266,60.5770360667266,7.76413832482711,"Required (only at some levels)","Recommended","100-10 people","Recommended closing (or reduce volume)","Recommended movement restrictions","Recommended movement restrictions","Ban on high-risk regions","No policy",64.81
"DNK",2020-04-30,157,9,157,5.806081,27.0406148312433,27.0406148312433,1.55009893937064,26.9668005960352,26.9668005960352,1.45167995909314,"Required (only at some levels)","Required (only at some levels)","< 10 people","Recommended closing (or reduce volume)","Recommended movement restrictions","Recommended movement restrictions","Total border closure","No policy",68.52
"SWE",2020-04-30,799,83,799,10.230185,78.1022044078382,78.1022044078382,8.11324526389308,61.6522854390498,61.6522854390498,7.84792399020294,"Required (only at some levels)","Recommended","100-10 people","Recommended closing (or reduce volume)","Recommended movement restrictions","Recommended movement restrictions","Ban on high-risk regions","No policy",64.81
"DNK",2020-05-01,150,9,150,5.806081,25.8349823228439,25.8349823228439,1.55009893937064,26.6961484002721,26.6961484002721,1.42707521402376,"Required (only at some levels)","Required (only at some levels)","< 10 people","Recommended closing (or reduce volume)","Recommended movement restrictions","Recommended movement restrictions","Total border closure","No policy",68.52
"SWE",2020-05-01,636,78,636,10.230185,62.1689637088674,62.1689637088674,7.62449554920072,59.9486435764079,59.9486435764079,7.73620976970183,"Required (only at some levels)","Recommended","100-10 people","Recommended closing (or reduce volume)","Recommended movement restrictions","Recommended movement restrictions","Ban on high-risk regions","No policy",64.81
"DNK",2020-05-02,153,10,153,5.806081,26.3516819693008,26.3516819693008,1.72233215485626,27.0898243213821,27.0898243213821,1.45167995909314,"Required (only at some levels)","Required (only at some levels)","< 10 people","Recommended closing (or reduce volume)","Recommended movement restrictions","Recommended movement restrictions","Total border closure","No policy",68.52
"SWE",2020-05-02,532,78,532,10.230185,52.0029696432665,52.0029696432665,7.62449554920072,56.4855027408735,56.4855027408735,7.58260271651281,"Required (only at some levels)","Recommended","100-10 people","Recommended closing (or reduce volume)","Recommended movement restrictions","Recommended movement restrictions","Ban on high-risk regions","No policy",64.81
"DNK",2020-05-03,96,11,96,5.806081,16.5343886866201,16.5343886866201,1.89456537034189,23.6697647567389,23.6697647567389,1.35326097881563,"Required (only at some levels)","Required (only at some levels)","< 10 people","Recommended closing (or reduce volume)","Recommended movement restrictions","Recommended movement restrictions","Total border closure","No policy",68.52
"SWE",2020-05-03,299,73,299,10.230185,29.2272329386028,29.2272329386028,7.13574583450837,54.0557184449744,54.0557184449744,7.58260271651281,"Required (only at some levels)","Recommended","100-10 people","Recommended closing (or reduce volume)","Recommended movement restrictions","Recommended movement restrictions","Ban on high-risk regions","No policy",64.81
"DNK",2020-05-04,116,8,116,5.806081,19.9790529963326,19.9790529963326,1.37786572388501,23.3252983257677,23.3252983257677,1.45167995909314,"Required (only at some levels)","Required (only at some levels)","< 10 people","Recommended closing (or reduce volume)","Recommended movement restrictions","Recommended movement restrictions","Total border closure","No policy",68.52
"SWE",2020-05-04,261,75,261,10.230185,25.5127351069409,25.5127351069409,7.33124572038531,53.5111116200314,53.5111116200314,7.59656699407545,"Required (only at some levels)","Recommended","100-10 people","Recommended closing (or reduce volume)","Recommended movement restrictions","Recommended movement restrictions","Ban on high-risk regions","No policy",64.81
"DNK",2020-05-05,147,9,147,5.806081,25.318282676387,25.318282676387,1.55009893937064,23.9158122074327,23.9158122074327,1.55009893937064,"Required (only at some levels)","Required (only at some levels)","< 10 people","Recommended closing (or reduce volume)","Recommended movement restrictions","Recommended movement restrictions","Total border closure","No policy",68.52
"SWE",2020-05-05,477,84,477,10.230185,46.6267227816506,46.6267227816506,8.21099520683155,52.3101837496445,52.3101837496445,7.73620976970183,"Required (only at some levels)","Recommended","100-10 people","Recommended closing (or reduce volume)","Recommended movement restrictions","Recommended movement restrictions","Ban on high-risk regions","No policy",64.81
"DNK",2020-05-06,151,7,151,5.806081,26.0072155383296,26.0072155383296,1.20563250839938,23.8666027172939,23.8666027172939,1.55009893937064,"Required (only at some levels)","Required (only at some levels)","< 10 people","Recommended closing (or reduce volume)","Recommended movement restrictions","Recommended movement restrictions","Total border closure","No policy",68.52
"SWE",2020-05-06,657,72,657,10.230185,64.2217125105753,64.2217125105753,7.0379958915699,51.1232201568202,51.1232201568202,7.58260271651281,"Required (only at some levels)","Recommended","100-10 people","Recommended closing (or reduce volume)","Recommended movement restrictions","Recommended movement restrictions","Ban on high-risk regions","No policy",64.81
"DNK",2020-05-07,162,3,162,5.806081,27.9017809086714,27.9017809086714,0.516699646456879,23.9896264426408,23.9896264426408,1.40247046895438,"Required (only at some levels)","Required (only at some levels)","< 10 people","Recommended closing (or reduce volume)","Recommended movement restrictions","Recommended movement restrictions","Total border closure","No policy",68.52
"SWE",2020-05-07,745,73,745,10.230185,72.8237074891608,72.8237074891608,7.13574583450837,50.3691491684377,50.3691491684377,7.44295994088642,"Required (only at some levels)","Recommended","100-10 people","Recommended closing (or reduce volume)","Recommended movement restrictions","Recommended movement restrictions","Ban on high-risk regions","No policy",64.81
"DNK",2020-05-08,100,6,100,5.806081,17.2233215485626,17.2233215485626,1.03339929291376,22.759389189172,22.759389189172,1.32865623374626,"Required (only at some levels)","Required (only at some levels)","< 10 people","Recommended closing (or reduce volume)","Recommended movement restrictions","Recommended movement restrictions","Total border closure","No policy",68.52
"SWE",2020-05-08,784,80,784,10.230185,76.6359552637611,76.6359552637611,7.81999543507766,52.4358622477083,52.4358622477083,7.4708884960117,"Required (only at some levels)","Recommended","100-10 people","Recommended closing (or reduce volume)","Recommended movement restrictions","Recommended movement restrictions","Ban on high-risk regions","No policy",64.81
"DNK",2020-05-09,135,6,135,5.806081,23.2514840905595,23.2514840905595,1.03339929291376,22.3165037779233,22.3165037779233,1.23023725346876,"Required (only at some levels)","Required (only at some levels)","< 10 people","Recommended closing (or reduce volume)","Recommended movement restrictions","Recommended movement restrictions","Total border closure","No policy",68.52
"SWE",2020-05-09,700,60,700,10.230185,68.4249600569296,68.4249600569296,5.86499657630825,54.7818608782316,54.7818608782316,7.2195314998842,"Required (only at some levels)","Recommended","100-10 people","Recommended closing (or reduce volume)","Recommended movement restrictions","Recommended movement restrictions","Ban on high-risk regions","No policy",64.81
"DNK",2020-05-10,101,4,101,5.806081,17.3955547640482,17.3955547640482,0.688932861942505,22.4395275032702,22.4395275032702,1.05800403798313,"Required (only at some levels)","Required (only at some levels)","< 10 people","Recommended closing (or reduce volume)","Recommended movement restrictions","Recommended movement restrictions","Total border closure","No policy",68.52
"SWE",2020-05-10,509,68,509,10.230185,49.7547209556816,49.7547209556816,6.64699611981601,57.7143591663857,57.7143591663857,7.14971011207101,"Required (only at some levels)","Recommended","100-10 people","Recommended closing (or reduce volume)","Recommended movement restrictions","Recommended movement restrictions","Ban on high-risk regions","No policy",64.81
"DNK",2020-05-11,110,3,110,5.806081,18.9456537034189,18.9456537034189,0.516699646456879,22.2918990328539,22.2918990328539,0.934980312636257,"Required (only at some levels)","Required (only at some levels)","< 10 people","Recommended closing (or reduce volume)","Recommended movement restrictions","Recommended movement restrictions","Total border closure","No policy",68.52
"SWE",2020-05-11,279,73,279,10.230185,27.2722340798334,27.2722340798334,7.13574583450837,57.9657161625132,57.9657161625132,7.12178155694573,"Required (only at some levels)","Recommended","100-10 people","Recommended closing (or reduce volume)","Recommended movement restrictions","Recommended movement restrictions","Ban on high-risk regions","No policy",64.81
"DNK",2020-05-12,84,5,84,5.806081,14.4675901007926,14.4675901007926,0.861166077428131,20.7418000934833,20.7418000934833,0.836561332358756,"Required (only at some levels)","Required (only at some levels)","< 10 people","Recommended closing (or reduce volume)","Recommended movement restrictions","Recommended movement restrictions","Total border closure","No policy",68.52
"SWE",2020-05-12,455,65,455,10.230185,44.4762240370042,44.4762240370042,6.3537462910006,57.6585020561351,57.6585020561351,6.8564602832556,"Required (only at some levels)","Recommended","100-10 people","Recommended closing (or reduce volume)","Recommended movement restrictions","Recommended movement restrictions","Ban on high-risk regions","No policy",64.81
"DNK",2020-05-13,78,4,78,5.806081,13.4341908078788,13.4341908078788,0.688932861942505,18.9456537034189,18.9456537034189,0.76274709715063,"Required (only at some levels)","Required (only at some levels)","< 10 people","Recommended closing (or reduce volume)","Recommended movement restrictions","Recommended movement restrictions","Total border closure","No policy",68.52
"SWE",2020-05-13,754,61,754,10.230185,73.703456975607,73.703456975607,5.96274651924672,59.0130369797111,59.0130369797111,6.70285323006657,"Required (only at some levels)","Recommended","100-10 people","Recommended closing (or reduce volume)","Recommended movement restrictions","Recommended movement restrictions","Ban on high-risk regions","No policy",64.81
"DNK",2020-05-14,76,6,76,5.806081,13.0897243769076,13.0897243769076,1.03339929291376,16.8296456274526,16.8296456274526,0.836561332358756,"Required (only at some levels)","Required (only at some levels)","< 10 people","Recommended closing (or reduce volume)","Recommended movement restrictions","Recommended movement restrictions","Total border closure","No policy",68.52
"SWE",2020-05-14,698,50,698,10.230185,68.2294601710526,68.2294601710526,4.88749714692354,58.3567159342671,58.3567159342671,6.38167484612588,"Required (only at some levels)","Recommended","100-10 people","Recommended closing (or reduce volume)","Recommended movement restrictions","Recommended movement restrictions","Ban on high-risk regions","No policy",64.81
"DNK",2020-05-15,46,4,46,5.806081,7.9227279123388,7.9227279123388,0.688932861942505,15.5009893937064,15.5009893937064,0.787351842220006,"Required (only at some levels)","Required (only at some levels)","< 10 people","Recommended closing (or reduce volume)","Recommended movement restrictions","Recommended movement restrictions","Total border closure","No policy",68.52
"SWE",2020-05-15,657,46,657,10.230185,64.2217125105753,64.2217125105753,4.49649737516966,56.583252683812,56.583252683812,5.90688940899616,"Required (only at some levels)","Recommended","100-10 people","Recommended closing (or reduce volume)","Recommended movement restrictions","Recommended movement restrictions","Ban on high-risk regions","No policy",64.81
"DNK",2020-05-16,78,0,78,5.806081,13.4341908078788,13.4341908078788,0,14.098518924752,14.098518924752,0.639723371803755,"Required (only at some levels)","Required (only at some levels)","< 10 people","Recommended closing (or reduce volume)","Recommended movement restrictions","Recommended movement restrictions","Total border closure","No policy",68.52
"SWE",2020-05-16,688,58,688,10.230185,67.2519607416679,67.2519607416679,5.66949669043131,56.4156813530603,56.4156813530603,5.87896085387089,"Required (only at some levels)","Recommended","100-10 people","Recommended closing (or reduce volume)","Recommended movement restrictions","Recommended movement restrictions","Ban on high-risk regions","No policy",64.81
"DNK",2020-05-17,67,5,67,5.806081,11.539625437537,11.539625437537,0.861166077428131,13.2619575923932,13.2619575923932,0.66432811687313,"Required (only at some levels)","Required (only at some levels)","< 10 people","Recommended closing (or reduce volume)","Recommended movement restrictions","Recommended movement restrictions","Total border closure","No policy",68.52
"SWE",2020-05-17,358,48,358,10.230185,34.9944795719725,34.9944795719725,4.6919972610466,54.3070754411019,54.3070754411019,5.59967530261811,"Required (only at some levels)","Recommended","100-10 people","Recommended closing (or reduce volume)","Recommended movement restrictions","Recommended movement restrictions","Ban on high-risk regions","No policy",64.81
"DNK",2020-05-18,69,4,69,5.806081,11.8840918685082,11.8840918685082,0.688932861942505,12.2531630445488,12.2531630445488,0.688932861942505,"Required (only at some levels)","Required (only at some levels)","< 10 people","Recommended closing (or reduce volume)","Recommended movement restrictions","Recommended movement restrictions","Total border closure","No policy",68.52
"SWE",2020-05-18,259,53,259,10.230185,25.3172352210639,25.3172352210639,5.18074697573895,54.0277898898491,54.0277898898491,5.32038975136534,"Required (only at some levels)","Recommended","100-10 people","Recommended closing (or reduce volume)","Recommended movement restrictions","Recommended movement restrictions","Ban on high-risk regions","No policy",64.81
"DNK",2020-05-19,41,1,41,5.806081,7.06156183491067,7.06156183491067,0.172233215485626,11.1951590065657,11.1951590065657,0.590513881665004,"Required (only at some levels)","Required (only at some levels)","< 10 people","Recommended closing (or reduce volume)","Recommended movement restrictions","Recommended movement restrictions","Total border closure","No policy",68.52
"SWE",2020-05-19,430,59,430,10.230185,42.0324754635424,42.0324754635424,5.76724663336978,53.6786829507831,53.6786829507831,5.23660408598951,"Required (only at some levels)","Recommended","100-10 people","Recommended closing (or reduce volume)","Recommended movement restrictions","Recommended movement restrictions","Ban on high-risk regions","No policy",64.81
"DNK",2020-05-20,76,3,76,5.806081,13.0897243769076,13.0897243769076,0.516699646456879,11.145949516427,11.145949516427,0.565909136595629,"Required (only at some levels)","Required (only at some levels)","< 10 people","Recommended closing (or reduce volume)","Recommended movement restrictions","Recommended movement restrictions","Total border closure","No policy",68.52
"SWE",2020-05-20,666,41,666,10.230185,65.1014619970216,65.1014619970216,4.0077476604773,52.4498265252709,52.4498265252709,4.95731853473673,"Required (only at some levels)","Recommended","100-10 people","Recommended closing (or reduce volume)","Recommended movement restrictions","Recommended movement restrictions","Ban on high-risk regions","No policy",64.81
"DNK",2020-05-21,73,3,73,5.806081,12.5730247304507,12.5730247304507,0.516699646456879,11.0721352812188,11.0721352812188,0.492094901387504,"Required (only at some levels)","Required (only at some levels)","< 10 people","Recommended closing (or reduce volume)","Recommended movement restrictions","Recommended movement restrictions","Total border closure","No policy",68.52
"SWE",2020-05-21,808,52,808,10.230185,78.9819538942844,78.9819538942844,5.08299703280048,53.9858970571612,53.9858970571612,4.98524708986201,"Required (only at some levels)","Recommended","100-10 people","Recommended closing (or reduce volume)","Recommended movement restrictions","Recommended movement restrictions","Ban on high-risk regions","No policy",64.81
"DNK",2020-05-22,65,7,65,5.806081,11.1951590065657,11.1951590065657,1.20563250839938,11.539625437537,11.539625437537,0.565909136595629,"Required (only at some levels)","Required (only at some levels)","< 10 people","Recommended closing (or reduce volume)","Recommended movement restrictions","No measures","Total border closure","No policy",62.96
"SWE",2020-05-22,610,53,610,10.230185,59.6274651924672,59.6274651924672,5.18074697573895,53.3295760117171,53.3295760117171,5.08299703280048,"Required (only at some levels)","Recommended","100-10 people","Recommended closing (or reduce volume)","Recommended movement restrictions","Recommended movement restrictions","Ban on high-risk regions","No policy",64.81
"DNK",2020-05-23,48,0,48,5.806081,8.26719434331006,8.26719434331006,0,10.8014830854557,10.8014830854557,0.565909136595629,"Required (only at some levels)","Required (only at some levels)","< 10 people","Recommended closing (or reduce volume)","Recommended movement restrictions","No measures","Total border closure","No policy",62.96
"SWE",2020-05-23,532,56,532,10.230185,52.0029696432665,52.0029696432665,5.47399680455436,51.1511487119455,51.1511487119455,5.0550684776752,"Required (only at some levels)","Recommended","100-10 people","Recommended closing (or reduce volume)","Recommended movement restrictions","Recommended movement restrictions","Ban on high-risk regions","No policy",64.81
"DNK",2020-05-24,59,0,59,5.806081,10.1617597136519,10.1617597136519,0,10.6046451249007,10.6046451249007,0.442885411248753,"Required (only at some levels)","Required (only at some levels)","< 10 people","Recommended closing (or reduce volume)","Recommended movement restrictions","No measures","Total border closure","No policy",62.96
"SWE",2020-05-24,403,55,403,10.230185,39.3932270042037,39.3932270042037,5.37624686161589,51.7795412022642,51.7795412022642,5.15281842061368,"Required (only at some levels)","Recommended","100-10 people","Recommended closing (or reduce volume)","Recommended movement restrictions","Recommended movement restrictions","Ban on high-risk regions","No policy",64.81
"DNK",2020-05-25,71,1,71,5.806081,12.2285582994795,12.2285582994795,0.172233215485626,10.6538546150394,10.6538546150394,0.369071176040628,"Required (only at some levels)","Required (only at some levels)","< 10 people","Recommended closing (or reduce volume)","Recommended movement restrictions","No measures","Ban on high-risk regions","No policy",60.19
"SWE",2020-05-25,210,44,210,10.230185,20.5274880170789,20.5274880170789,4.30099748929272,51.095291601695,51.095291601695,5.02713992254993,"Required (only at some levels)","Recommended","100-10 people","Recommended closing (or reduce volume)","Recommended movement restrictions","Recommended movement restrictions","Ban on high-risk regions","No policy",64.81
"DNK",2020-05-26,27,1,27,5.806081,4.65029681811191,4.65029681811191,0.172233215485626,10.3093881840682,10.3093881840682,0.369071176040628,"Required (only at some levels)","Required (only at some levels)","< 10 people","Recommended closing (or reduce volume)","Recommended movement restrictions","No measures","Ban on high-risk regions","No policy",60.19
"SWE",2020-05-26,491,42,491,10.230185,47.9952219827892,47.9952219827892,4.10549760341577,51.9471125330159,51.9471125330159,4.78974720398507,"Required (only at some levels)","Recommended","100-10 people","Recommended closing (or reduce volume)","Recommended movement restrictions","Recommended movement restrictions","Ban on high-risk regions","No policy",64.81
"DNK",2020-05-27,41,0,41,5.806081,7.06156183491067,7.06156183491067,0,9.44822210664007,9.44822210664007,0.295256940832502,"Required (only at some levels)","Required (only at some levels)","< 10 people","Recommended closing (or reduce volume)","Recommended movement restrictions","No measures","Ban on high-risk regions","No policy",60.19
"SWE",2020-05-27,746,28,746,10.230185,72.9214574320992,72.9214574320992,2.73699840227718,53.064254738027,53.064254738027,4.60821159567077,"Required (only at some levels)","Recommended","100-10 people","Recommended closing (or reduce volume)","Recommended movement restrictions","Recommended movement restrictions","Ban on high-risk regions","No policy",64.81
"DNK",2020-05-28,52,2,52,5.806081,8.95612720525256,8.95612720525256,0.344466430971252,8.93152246018319,8.93152246018319,0.270652195763127,"Required (only at some levels)","Required (only at some levels)","< 10 people","Recommended closing (or reduce volume)","Recommended movement restrictions","No measures","Ban on high-risk regions","No policy",60.19
"SWE",2020-05-28,800,38,800,10.230185,78.1999543507767,78.1999543507767,3.71449783166189,52.9525405175259,52.9525405175259,4.41271170979382,"Required (only at some levels)","Recommended","100-10 people","Recommended closing (or reduce volume)","Recommended movement restrictions","Recommended movement restrictions","Ban on high-risk regions","No policy",64.81
"DNK",2020-05-29,32,3,32,5.806081,5.51146289554004,5.51146289554004,0.516699646456879,8.11956587289381,8.11956587289381,0.172233215485626,"Required (only at some levels)","Required (only at some levels)","< 10 people","Recommended closing (or reduce volume)","Recommended movement restrictions","No measures","Ban on high-risk regions","No policy",60.19
"SWE",2020-05-29,774,40,774,10.230185,75.6584558343764,75.6584558343764,3.90999771753883,55.2426820377986,55.2426820377986,4.23117610147952,"Required (only at some levels)","Recommended","100-10 people","Recommended closing (or reduce volume)","Recommended movement restrictions","Recommended movement restrictions","Ban on high-risk regions","No policy",64.81
"DNK",2020-05-30,81,0,81,5.806081,13.9508904543357,13.9508904543357,0,8.93152246018319,8.93152246018319,0.172233215485626,"Required (only at some levels)","Required (only at some levels)","< 10 people","Recommended closing (or reduce volume)","Recommended movement restrictions","No measures","Ban on high-risk regions","No policy",60.19
"SWE",2020-05-30,773,41,773,10.230185,75.5607058914379,75.5607058914379,4.0077476604773,58.6080729303946,58.6080729303946,4.02171193803994,"Required (only at some levels)","Recommended","100-10 people","Recommended closing (or reduce volume)","Recommended movement restrictions","Recommended movement restrictions","Ban on high-risk regions","No policy",64.81
"DNK",2020-05-31,40,3,40,5.806081,6.88932861942505,6.88932861942505,0.516699646456879,8.46403230386506,8.46403230386506,0.246047450693752,"Required (only at some levels)","Required (only at some levels)","< 10 people","Recommended closing (or reduce volume)","Recommended movement restrictions","No measures","Ban on high-risk regions","No policy",60.19
"SWE",2020-05-31,432,39,432,10.230185,42.2279753494194,42.2279753494194,3.81224777460036,59.0130369797111,59.0130369797111,3.79828349703772,"Required (only at some levels)","Recommended","100-10 people","Recommended closing (or reduce volume)","Recommended movement restrictions","Recommended movement restrictions","Ban on high-risk regions","No policy",64.81
"DNK",2020-06-01,36,3,36,5.806081,6.20039575748254,6.20039575748254,0.516699646456879,7.60286622643693,7.60286622643693,0.295256940832502,"Required (only at some levels)","Required (only at some levels)","< 10 people","Recommended closing (or reduce volume)","Recommended movement restrictions","No measures","Ban on high-risk regions","No policy",60.19
"SWE",2020-06-01,265,46,265,10.230185,25.9037348786948,25.9037348786948,4.49649737516966,59.7810722456562,59.7810722456562,3.826212052163,"Required (only at some levels)","Recommended","100-10 people","Recommended closing (or reduce volume)","Recommended movement restrictions","Recommended movement restrictions","Ban on high-risk regions","No policy",64.81
"DNK",2020-06-02,30,2,30,5.806081,5.16699646456879,5.16699646456879,0.344466430971252,7.67668046164505,7.67668046164505,0.319861685901877,"Required (only at some levels)","Required (only at some levels)","< 10 people","Recommended closing (or reduce volume)","Recommended movement restrictions","No measures","Ban on high-risk regions","No policy",60.19
"SWE",2020-06-02,648,39,648,10.230185,63.3419630241291,63.3419630241291,3.81224777460036,61.9734638229905,61.9734638229905,3.78431921947508,"Required (only at some levels)","Recommended","100-10 people","Recommended closing (or reduce volume)","Recommended movement restrictions","Recommended movement restrictions","Ban on high-risk regions","No policy",64.81
